Symbol,Series,Date,Prev Close,Open Price,High Price,Low Price,Last Price,Close Price,Average Price,Total Traded Quantity,Turnover,No. of Trades,Deliverable Qty,% Dly Qt to Traded Qty
GAIL,EQ,15-May-17,409.2,413.05,415.25,410,413.8,414,412.83,1077551,444848781.2,22153,459059,42.6
GAIL,EQ,16-May-17,414,415.8,416,410.25,411,411.4,412.85,2434834,1005216065,46472,1771251,72.75
GAIL,EQ,17-May-17,411.4,411.5,412.9,405.6,408.5,408.3,408.42,2002105,817707001,48972,1405319,70.19
GAIL,EQ,18-May-17,408.3,406.35,409,401.5,403,404.75,407.03,2132140,867845090.3,39137,1405640,65.93
GAIL,EQ,19-May-17,404.75,404,406.35,396,401.35,401.05,400.31,2847835,1140022072,64928,1922275,67.5
GAIL,EQ,22-May-17,401.05,404.3,404.3,387.05,388.85,390.2,394.05,2356287,928506059.7,47455,982053,41.68
GAIL,EQ,23-May-17,390.2,380.1,386.45,365.5,380,380.35,374.7,9935103,3722635322,103859,4352691,43.81
GAIL,EQ,24-May-17,380.35,382,392.75,375.15,392,390.65,386.42,4051382,1565544720,67002,1782890,44.01
GAIL,EQ,25-May-17,390.65,392.55,403.95,391.9,396.8,401,399.79,7771785,3107071323,92446,5353155,68.88
GAIL,EQ,26-May-17,401,399.7,403,398,401.7,401.75,400.61,2024741,811127274.1,53478,1524152,75.28
GAIL,EQ,29-May-17,401.75,400,405.75,395.15,400.5,401.15,399.97,2131677,852614063.9,21058,1256936,58.96
GAIL,EQ,30-May-17,401.15,398.15,408.55,398,406.4,405.45,405.55,2062918,836615924.1,44832,1255144,60.84
GAIL,EQ,31-May-17,405.45,406.4,417.8,406.4,413,414,413.02,7712717,3185518283,96928,6246802,80.99
GAIL,EQ,01-Jun-17,414,414,415,407.45,410.5,410.35,410.3,1704028,699162139.6,29092,1175295,68.97
GAIL,EQ,02-Jun-17,410.35,411.25,413.4,399.5,401.6,402.35,403.17,2592907,1045393183,59428,1641469,63.31
GAIL,EQ,05-Jun-17,402.35,402.1,404.8,397.05,397.9,398,400.73,1600250,641273683,24436,853305,53.32
GAIL,EQ,06-Jun-17,398,398.35,404,394.25,398.85,398.9,399.58,1634672,653178079.3,31929,750577,45.92
GAIL,EQ,07-Jun-17,398.9,399.5,408.7,399.5,402.1,402.6,404.4,2110469,853477001.8,26293,760565,36.04
GAIL,EQ,08-Jun-17,402.6,402.5,404.55,384.55,385.25,388.6,391.51,3973648,1555733725,37408,2485385,62.55
GAIL,EQ,09-Jun-17,388.6,388,388,378.45,381,381.15,381.54,3245904,1238428347,68096,1468159,45.23
GAIL,EQ,12-Jun-17,381.15,381,387.25,376.65,380.9,381.4,384.03,2976063,1142893288,42087,1303506,43.8
GAIL,EQ,13-Jun-17,381.4,382,387,379.4,381.9,381.7,382.57,1863735,713009347.1,37069,1145228,61.45
GAIL,EQ,14-Jun-17,381.7,382.1,384.5,379,381.5,381.05,381.34,2284680,871243228.5,39313,1545587,67.65
GAIL,EQ,15-Jun-17,381.05,380,381.15,373,377.1,376.6,375.62,4407491,1655561198,81426,2924252,66.35
GAIL,EQ,16-Jun-17,376.6,378.65,381.5,377.25,379.55,378.35,379.18,3788173,1436390255,64307,2587029,68.29
GAIL,EQ,19-Jun-17,378.35,379.35,381.45,374.3,380.35,380.65,378.15,1720791,650716511,34544,744938,43.29
GAIL,EQ,20-Jun-17,380.65,380.65,383.4,373.7,375.2,375.2,377.45,2523237,952403530,43978,1086736,43.07
GAIL,EQ,21-Jun-17,375.2,375.3,375.55,366.7,368,368.25,369.89,1810446,669669601,38044,964780,53.29
GAIL,EQ,22-Jun-17,368.25,365.55,367.45,355.2,360.65,360.1,359.31,5673695,2038599028,93401,3442699,60.68
GAIL,EQ,23-Jun-17,360.1,362.4,363.8,351,354.7,354.15,354.16,3540086,1253754142,106926,2413182,68.17
GAIL,EQ,27-Jun-17,354.15,356,362.65,346.65,359.6,359.7,357.21,2786723,995438399.5,57648,1219636,43.77
GAIL,EQ,28-Jun-17,359.7,362.4,367.5,355.1,355.8,356.05,360.53,3167738,1142051461,44900,1390359,43.89
GAIL,EQ,29-Jun-17,356.05,358,364.2,356.45,362,362.35,361.35,4080230,1474406347,51665,2294353,56.23
GAIL,EQ,30-Jun-17,362.35,361.9,363.9,355.3,362,361.45,360.07,1359544,489530279.4,14842,615795,45.29
GAIL,EQ,03-Jul-17,361.45,362,367.75,359.1,367.2,367.1,365,1368858,499636199.2,23559,703784,51.41
GAIL,EQ,04-Jul-17,367.1,365.75,368.95,360.15,366,365.35,365.12,1561665,570200412.2,53249,944442,60.48
GAIL,EQ,05-Jul-17,365.35,368,368,361.5,363.1,363.05,363.04,1182681,429355770.5,31550,614121,51.93
GAIL,EQ,06-Jul-17,363.05,363.1,364.45,357.4,361.05,361.5,361.65,1848822,668618727,21453,1067165,57.72
GAIL,EQ,07-Jul-17,361.5,361,361,355.5,359,358.95,358.32,2073789,743071590,35453,1052552,50.76
GAIL,EQ,10-Jul-17,358.95,369,393.3,358,366,366,364.87,264486,96502306.8,4259,86732,32.79
GAIL,EQ,11-Jul-17,366,367.45,370.45,361.7,363.9,363.25,365.34,1067794,390105253.3,20059,536141,50.21
GAIL,EQ,12-Jul-17,363.25,364.1,372.75,363.25,368.6,369.85,368.3,3562361,1312014328,48435,1928632,54.14
GAIL,EQ,13-Jul-17,369.85,371.9,373.5,367.75,372.05,372.05,370.82,1925867,714151417.1,34659,817322,42.44
GAIL,EQ,14-Jul-17,372.05,373.6,392.5,371.5,390,390.35,382.95,5865705,2246298361,63555,3116123,53.12
GAIL,EQ,17-Jul-17,390.35,388,390.45,381.2,383,386.15,386.79,3296020,1274868785,36726,1919472,58.24
GAIL,EQ,18-Jul-17,386.15,384,386,375.15,378,379.05,378.75,3218134,1218871633,41399,1795318,55.79
GAIL,EQ,19-Jul-17,379.05,381.5,384,378.3,378.3,379.35,380.39,2184560,830980910.8,22647,1374127,62.9
GAIL,EQ,20-Jul-17,379.35,380,381,376,378.6,379.15,378.87,2516572,953454863.8,41045,1994048,79.24
GAIL,EQ,21-Jul-17,379.15,379.15,384,374.95,377,377,378.54,2433270,921090895.2,32291,1402892,57.65
GAIL,EQ,24-Jul-17,377,378.4,379.95,373.6,376.25,377,377.69,3337958,1260707878,40670,2651021,79.42
GAIL,EQ,25-Jul-17,377,377.9,381,372.2,373.95,373.35,376.25,2936489,1104859264,41123,1956755,66.64
GAIL,EQ,26-Jul-17,373.35,374.1,384.75,372.4,375.5,375.65,379.18,3301063,1251698719,37502,1203909,36.47
GAIL,EQ,27-Jul-17,375.65,377.45,383.5,376.5,378.55,378.7,379.58,3683285,1398107378,33298,1938014,52.62
GAIL,EQ,28-Jul-17,378.7,379.7,386.25,378.2,380.75,379.95,382.18,2493985,953156249.4,34572,1160524,46.53
GAIL,EQ,31-Jul-17,379.95,381.45,386,375.2,376.35,376.75,379,1916744,726451832,17238,1127078,58.8
GAIL,EQ,01-Aug-17,376.75,377.5,380.8,372.65,373.3,373.85,375.18,2225107,834805987.7,74011,1427458,64.15
GAIL,EQ,02-Aug-17,373.85,374.7,375.8,368.1,368.1,369.9,372.32,927308,345255858.6,13906,394856,42.58
GAIL,EQ,03-Aug-17,369.9,370.1,375.4,369.5,370,370.55,371.97,1334233,496296733.8,27452,619756,46.45
GAIL,EQ,04-Aug-17,370.55,372,384,370,380.6,377.75,375.64,3198095,1201325348,23456,2338176,73.11
GAIL,EQ,07-Aug-17,377.75,380.7,384.9,379.2,380,381.6,381.96,3238309,1236903129,33967,2434165,75.17
GAIL,EQ,08-Aug-17,381.6,381.6,389.5,381.3,385.85,386.75,385.78,3235669,1248271727,40121,1476721,45.64
GAIL,EQ,09-Aug-17,386.75,389,389.35,379.25,380.6,382.2,384.71,1761931,677834442.4,21168,918967,52.16
GAIL,EQ,10-Aug-17,382.2,380.8,382.25,360,368.15,365,370.19,2642144,978105536.2,39912,1222378,46.26
GAIL,EQ,11-Aug-17,365,355.75,373.45,355.75,369.5,368.95,368.51,3833882,1412810430,57399,2100005,54.77
GAIL,EQ,14-Aug-17,368.95,373.85,375.9,370.05,373.3,372.5,373.24,2522939,941655500.6,38726,1865189,73.93
GAIL,EQ,16-Aug-17,372.5,376.35,376.35,369.8,371.85,371.2,371.43,2785422,1034600588,28512,1984532,71.25
GAIL,EQ,17-Aug-17,371.2,373.9,377.9,370,375.5,376.2,375.36,1450232,544366145.3,22300,745076,51.38
GAIL,EQ,18-Aug-17,376.2,373.8,384.7,372.8,379.8,381.25,381.24,2516673,959450137.4,29112,1330237,52.86
GAIL,EQ,21-Aug-17,381.25,381.9,386.4,372,375,374.2,378.02,3318044,1254277664,32848,1773520,53.45
GAIL,EQ,22-Aug-17,374.2,378.2,380,373.2,380,377.75,376.18,3395213,1277199932,31200,2459538,72.44
GAIL,EQ,23-Aug-17,377.75,380.8,388.15,378.5,386.05,385.45,384.83,3267018,1257247745,43794,1778751,54.45
GAIL,EQ,24-Aug-17,385.45,386.55,390.5,381.05,383.5,383,384.61,3284133,1263107905,29514,2329068,70.92
GAIL,EQ,28-Aug-17,383,384,387.7,381.5,382,382,383.45,2374961,910667027.7,31318,1881764,79.23
GAIL,EQ,29-Aug-17,382,381.8,385.3,377.95,379,379,381.54,911768,347873892.2,16115,392892,43.09
GAIL,EQ,30-Aug-17,379,381.5,384.1,380.2,380.75,381,381.64,1315332,501982337.4,12667,956567,72.72
GAIL,EQ,31-Aug-17,381,378.45,383.25,372.2,379,378.3,378.1,4316561,1632074794,34794,2683077,62.16
GAIL,EQ,01-Sep-17,378.3,378.7,389.9,378.5,383.5,384.15,386,3294917,1271839494,33490,1819553,55.22
GAIL,EQ,04-Sep-17,384.15,384.8,386.55,378.6,379.85,379.6,382.04,1244293,475369883.2,20808,493276,39.64
GAIL,EQ,05-Sep-17,379.6,380.5,384.25,377.7,378,378.7,380.29,1504899,572304093.9,13545,904890,60.13
GAIL,EQ,06-Sep-17,378.7,377.4,387.8,375.3,382.15,382.25,384.33,3308925,1271730958,27926,1623075,49.05
GAIL,EQ,07-Sep-17,382.25,383.85,386,380.5,381.5,381.55,381.62,1875099,715569942.5,27782,1453178,77.5
GAIL,EQ,08-Sep-17,381.55,382.2,386.35,377.7,379.7,380.1,383.27,1889443,724160567.1,22280,922457,48.82
GAIL,EQ,11-Sep-17,380.1,384,400.85,384,394.55,394.8,395.89,9153335,3623676519,84664,4201166,45.9
GAIL,EQ,12-Sep-17,394.8,398.65,411.5,392.8,410,409.6,403.2,8005088,3227626893,84130,3643340,45.51
GAIL,EQ,13-Sep-17,409.6,411,415,400,407,408,409.8,4637652,1900504506,73489,2320278,50.03
GAIL,EQ,14-Sep-17,408,409.7,414.7,397,400.75,400.95,401.54,3606229,1448051466,54229,1983692,55.01
GAIL,EQ,15-Sep-17,400.95,398.9,405.15,397.05,398.1,399.85,400.78,3837646,1538049174,38132,2802802,73.03
GAIL,EQ,18-Sep-17,399.85,402.45,407.8,400,401,400.25,402.56,1538487,619334212.7,17333,931009,60.51
GAIL,EQ,19-Sep-17,400.25,414,422.9,409.25,422,420.85,414.56,8927518,3700999598,78769,4594868,51.47
GAIL,EQ,20-Sep-17,420.85,423.65,426.35,415.5,417.15,417.3,421.42,6319527,2663184094,53905,3743163,59.23
GAIL,EQ,21-Sep-17,417.3,417.3,418.85,406.2,406.65,407.75,408.89,4820074,1970863084,75940,3237501,67.17
GAIL,EQ,22-Sep-17,407.75,407,407,395.75,400,398.55,399.5,2994727,1196388908,76311,1690407,56.45
GAIL,EQ,25-Sep-17,398.55,399,403.9,395.5,397.05,398.15,399.08,3234663,1290891238,34533,1851258,57.23
GAIL,EQ,26-Sep-17,398.15,399.5,404.55,396.4,398,398.8,401.65,3217240,1292194717,57920,2179085,67.73
GAIL,EQ,27-Sep-17,398.8,400.05,407.5,397.2,399,399.75,401.61,2837534,1139591347,35261,1390383,49
GAIL,EQ,28-Sep-17,399.75,399.6,401.6,387.1,400,396.25,396.09,5717368,2264616515,73481,3492641,61.09
GAIL,EQ,29-Sep-17,396.25,428,429,417.15,418.85,419.05,422.59,15174614,6412680886,141679,6040407,39.81
GAIL,EQ,03-Oct-17,419.05,425.5,438.25,422,436.6,435.4,433.67,9556092,4144216442,103100,4146164,43.39
GAIL,EQ,04-Oct-17,435.4,437.5,439.95,434,436.55,436.15,436.87,4488741,1960987164,64827,2185970,48.7
GAIL,EQ,05-Oct-17,436.15,436,439,429.6,431.25,430.9,433.42,3475329,1506289466,45152,2164179,62.27
GAIL,EQ,06-Oct-17,430.9,433.25,457.15,432.85,456,452.7,447.46,7291293,3262556738,69318,2746208,37.66
GAIL,EQ,09-Oct-17,452.7,453,454.9,444.4,445.45,446.05,448.03,3372577,1511016943,35449,1711779,50.76
GAIL,EQ,10-Oct-17,446.05,445,448.9,442.8,444,444.6,445.12,2306645,1026738855,35815,1382495,59.94
GAIL,EQ,11-Oct-17,444.6,448.85,457.45,440,443.75,444.4,447.6,4061760,1818045464,52629,1695042,41.73
GAIL,EQ,12-Oct-17,444.4,452.7,453.95,444.05,446,445.95,447.28,4309719,1927650226,37946,2325799,53.97
GAIL,EQ,13-Oct-17,445.95,449,449,436,436.25,437.5,438.98,3579949,1571524929,42391,2119840,59.21
GAIL,EQ,16-Oct-17,437.5,436.5,444.6,433.55,438,437.95,438.07,3958917,1734291820,38680,2292357,57.9
GAIL,EQ,17-Oct-17,437.95,438,444.15,436.3,437.1,437.35,439.51,3112205,1367859010,36159,1627892,52.31
GAIL,EQ,18-Oct-17,437.35,437.7,442.6,434.05,436.25,436.5,436.89,2574956,1124985153,23155,1286054,49.94
GAIL,EQ,19-Oct-17,436.5,436,436.2,431.25,432.25,433.25,434.15,170622,74075169.35,2549,64023,37.52
GAIL,EQ,23-Oct-17,433.25,434.5,441.85,433,435.2,435.15,437.06,4336870,1895467356,38219,2200507,50.74
GAIL,EQ,24-Oct-17,435.15,439.1,446.5,435.75,445.85,444.25,442.59,4235362,1874535045,74485,2848527,67.26
GAIL,EQ,25-Oct-17,444.25,447.9,461.3,446,459.9,459.35,453.9,4313909,1958098239,51481,2143061,49.68
GAIL,EQ,26-Oct-17,459.35,462,469.9,460,467,465.3,465.43,10369798,4826421306,99314,7526736,72.58
GAIL,EQ,27-Oct-17,465.3,467,475.9,463.05,469.85,471.1,470.16,3753764,1764883963,57709,2186416,58.25
GAIL,EQ,30-Oct-17,471.1,470.1,479.35,467.25,474.55,475.7,473.6,2975703,1409297183,94656,1651086,55.49
GAIL,EQ,31-Oct-17,475.7,472.4,477.1,463.75,465.05,465.2,469.56,2770041,1300698147,74882,1637200,59.1
GAIL,EQ,01-Nov-17,465.2,468.9,471.45,464.45,468,468.05,467.78,2721545,1273073692,64187,1744818,64.11
GAIL,EQ,02-Nov-17,468.05,468.5,479.2,468.5,470.2,470.95,474.76,2882258,1368369754,49732,1414296,49.07
GAIL,EQ,03-Nov-17,470.95,472,474.5,462.05,463.65,463.85,468.13,2115684,990424546.1,33357,1403681,66.35
GAIL,EQ,06-Nov-17,463.85,463,469.6,459,465,465.95,465.81,2086276,971809516.5,36512,1362909,65.33
GAIL,EQ,07-Nov-17,465.95,468,477.65,459.95,462.65,463.5,468.52,3819391,1789474865,58805,2006338,52.53
GAIL,EQ,08-Nov-17,463.5,463.5,467.8,455.35,458,457.25,460.72,2638050,1215390112,59064,1814927,68.8
GAIL,EQ,09-Nov-17,457.25,460.5,462.8,448,452,451.1,451.3,3192720,1440864693,58319,1815221,56.85
GAIL,EQ,10-Nov-17,451.1,454.75,463.7,450.2,456.15,457.1,459.01,4034329,1851812912,55374,2408275,59.69
GAIL,EQ,13-Nov-17,457.1,458.1,462.6,447.55,454.75,455.45,454.75,3382888,1538363790,99269,2193536,64.84
GAIL,EQ,14-Nov-17,455.45,456.6,462,448.05,454.95,456.05,456.28,3477954,1586932354,70301,1680436,48.32
GAIL,EQ,15-Nov-17,456.05,463,464,441.05,449,449.2,449.5,5942800,2671267058,86772,3430001,57.72
GAIL,EQ,16-Nov-17,449.2,452.75,458.4,446.55,450.05,449.45,451.39,4822167,2176688865,75676,2508920,52.03
GAIL,EQ,17-Nov-17,449.45,452.8,456.2,442.8,443.55,444.75,449.49,3221199,1447901922,55459,1979514,61.45
GAIL,EQ,20-Nov-17,444.75,444,465,443.45,462.5,460.35,455.1,4194672,1908983760,58974,1929685,46
GAIL,EQ,21-Nov-17,460.35,464.4,465.8,458.6,459.95,459.95,461.39,5819082,2684857764,53252,4380237,75.27
GAIL,EQ,22-Nov-17,459.95,462,470.45,456.65,470.05,469.05,465.36,3163311,1472075724,46961,1671129,52.83
GAIL,EQ,23-Nov-17,469.05,470,471.9,458.45,464,462.9,464.91,1756582,816660515.5,31594,614201,34.97
GAIL,EQ,24-Nov-17,462.9,464,472.35,463.1,471.5,471.05,469.06,2931356,1374991272,39569,1799484,61.39
GAIL,EQ,27-Nov-17,471.05,466.5,469.7,462.35,469,467.45,466.9,2316438,1081548534,37988,1345143,58.07
GAIL,EQ,28-Nov-17,467.45,469,469,459.75,464.45,462.5,463.77,3523412,1634048292,54102,1578010,44.79
GAIL,EQ,29-Nov-17,462.5,465,469,460.35,463.9,462.15,465.72,2049999,954718596.4,31086,1002430,48.9
GAIL,EQ,30-Nov-17,462.15,463.5,472,460.7,467,468.4,466.57,5701317,2660035716,67198,2888771,50.67
GAIL,EQ,01-Dec-17,468.4,470.1,473.4,449.3,454,455.8,464.81,2366696,1100061389,42444,1231011,52.01
GAIL,EQ,04-Dec-17,455.8,455.8,464.45,449.8,464.2,463.15,460.63,2414033,1111970257,64228,1362493,56.44
GAIL,EQ,05-Dec-17,463.15,463.2,465.6,457.05,462,462.15,461.61,1878646,867208682.5,23669,1158664,61.68
GAIL,EQ,06-Dec-17,462.15,461,462.45,454.9,456,456.05,458.74,2193233,1006117067,59753,1497383,68.27
GAIL,EQ,07-Dec-17,456.05,456.05,496.3,456.05,495.15,492.55,481.72,12180617,5867673265,138848,3728301,30.61
GAIL,EQ,08-Dec-17,492.55,497,499.9,480.55,484,482.5,489.89,7936859,3888193135,112892,2175650,27.41
GAIL,EQ,11-Dec-17,482.5,486.85,491.2,477.15,482,481.2,482.87,4154971,2006326900,73444,1461347,35.17
GAIL,EQ,12-Dec-17,481.2,484.8,496,482.3,492,491.9,492.18,7131107,3509805020,101971,2962854,41.55
GAIL,EQ,13-Dec-17,491.9,493.85,502.8,486.4,492.75,491.8,496.86,5528427,2746863980,84792,1610264,29.13
GAIL,EQ,14-Dec-17,491.8,494,497.1,481.4,488,487.1,485.83,3141029,1526005669,43317,1316528,41.91
GAIL,EQ,15-Dec-17,487.1,492.8,498.5,484.4,485.8,485.65,489.49,3381836,1655386199,63313,1771118,52.37
GAIL,EQ,18-Dec-17,485.65,487.9,504.45,475.85,494.95,496,496.36,6412956,3183118592,91758,2085458,32.52
GAIL,EQ,19-Dec-17,496,496.5,502.95,489.6,496.25,496.55,496.11,2844156,1411005481,39372,791759,27.84
GAIL,EQ,20-Dec-17,496.55,498.1,509.5,497,499.6,499.4,503.72,4278143,2154976530,60113,1401432,32.76
GAIL,EQ,21-Dec-17,499.4,502,506,498.35,501.05,501.5,501.98,2318107,1163632390,44400,960184,41.42
GAIL,EQ,22-Dec-17,501.5,501.7,508.7,500.6,505.2,503.1,504.96,3108845,1569841231,50429,1695063,54.52
GAIL,EQ,26-Dec-17,503.1,508.1,514,505.55,510.4,509.65,509.28,4242329,2160520788,72922,1827109,43.07
GAIL,EQ,27-Dec-17,509.65,512.7,513.95,506.8,509,508.1,509.85,3850479,1963167800,47300,2427103,63.03
GAIL,EQ,28-Dec-17,508.1,511.9,519.5,504.8,514.5,511.2,510.67,10099016,5157276295,64063,7145792,70.76
GAIL,EQ,29-Dec-17,511.2,513.95,514,496.85,500.9,499.65,502.78,3904128,1962902729,55854,2056572,52.68
GAIL,EQ,01-Jan-18,499.65,502.8,504.75,496.85,499.8,498.65,501.17,1639410,821615574.3,17024,580257,35.39
GAIL,EQ,02-Jan-18,498.65,504,504,493.3,494.1,494.35,496.98,1424727,708054579.2,25696,478735,33.6
GAIL,EQ,03-Jan-18,494.35,496.8,497.45,488.5,490.4,490.1,492.46,2205711,1086231927,46919,1283468,58.19
GAIL,EQ,04-Jan-18,490.1,494,498.4,489.7,497.4,496.7,493.46,2194433,1082867656,35110,1192923,54.36
GAIL,EQ,05-Jan-18,496.7,499,499,492.1,494.9,494.4,494.44,1170141,578566807.6,31384,596321,50.96
GAIL,EQ,08-Jan-18,494.4,500,504,496,496.5,497.4,499.53,2279620,1138744298,62250,1249532,54.81
GAIL,EQ,09-Jan-18,497.4,497.45,502.85,497.45,499.25,500.95,500.8,2521769,1262890537,54920,1437120,56.99
GAIL,EQ,10-Jan-18,500.95,501.95,506.65,494.05,497.5,496.1,501.4,2860327,1434168395,54088,1526706,53.38
GAIL,EQ,11-Jan-18,496.1,497.7,497.7,493.3,496.3,495.5,495.17,1226993,607565766.4,26344,501965,40.91
GAIL,EQ,12-Jan-18,495.5,498.5,502.5,492.5,500.25,501.15,497.77,1836610,914204126.1,30435,836283,45.53
GAIL,EQ,15-Jan-18,501.15,501.35,502.75,487.8,490.65,489.25,494.79,2140456,1059079944,45737,1011328,47.25
GAIL,EQ,16-Jan-18,489.25,491.3,492,473.15,482,478.4,482.18,2123599,1023949163,61601,1167415,54.97
GAIL,EQ,17-Jan-18,478.4,482,487.35,467,480.25,480.55,475.18,3741888,1778061059,62128,1244598,33.26
GAIL,EQ,18-Jan-18,480.55,470.1,473,466.15,468.1,468.5,468.37,3484599,1632073948,65329,2182414,62.63
GAIL,EQ,19-Jan-18,468.5,468.5,471.6,459.65,470.05,468.75,465.31,3365073,1565813548,83602,2152419,63.96
GAIL,EQ,22-Jan-18,468.75,470.05,471.65,451.1,457.4,457.4,456.95,4637380,2119051159,72586,2416386,52.11
GAIL,EQ,23-Jan-18,457.4,460.8,478.2,447.1,478,470.8,461.47,6286207,2900874767,69960,2484803,39.53
GAIL,EQ,24-Jan-18,470.8,471.1,494.35,471,484.4,484.95,486.02,7562178,3675398063,94419,2592734,34.29
GAIL,EQ,25-Jan-18,484.95,486.1,499,479.4,491.3,493.75,491.36,11190753,5498705153,91250,7482162,66.86
GAIL,EQ,29-Jan-18,493.75,492.45,498.8,471.45,477.4,474.35,479.3,4257007,2040397374,110292,2125755,49.94
GAIL,EQ,30-Jan-18,474.35,479,483.75,474.05,475.65,476.1,479.11,2885234,1382333552,55657,1307539,45.32
GAIL,EQ,31-Jan-18,476.1,477.95,483.7,471.5,479,478.6,476.59,2470120,1177244757,68147,1416143,57.33
GAIL,EQ,01-Feb-18,478.6,478,495.8,478,485.1,486.25,486.55,4610450,2243221837,86491,2531800,54.91
GAIL,EQ,02-Feb-18,486.25,482,485,461.6,463.4,466.45,475.4,3418999,1625394809,61103,1809981,52.94
GAIL,EQ,05-Feb-18,466.45,460,472,453.3,466.9,462.35,463.94,3277580,1520589747,114692,1900847,58
GAIL,EQ,06-Feb-18,462.35,448,457.85,439.05,454.5,452.6,447.48,3048494,1364138022,63581,1592348,52.23
GAIL,EQ,07-Feb-18,452.6,456.6,465.3,451.35,461.1,460.3,456.73,4091790,1868856707,80339,2211871,54.06
GAIL,EQ,08-Feb-18,460.3,464.8,471.4,460.05,462.9,461.85,464.15,3560673,1652695569,65211,1617427,45.42
GAIL,EQ,09-Feb-18,461.85,457.2,464,453.2,463.55,462.45,458.9,1881540,863436119.2,75463,1019606,54.19
GAIL,EQ,12-Feb-18,462.45,468,468,459.1,465,465,463.19,2042550,946092647.2,41962,898384,43.98
GAIL,EQ,14-Feb-18,465,473.8,473.8,463.15,466,466.9,468.26,4658095,2181190732,77160,2398085,51.48
GAIL,EQ,15-Feb-18,466.9,470.5,477.75,465.65,475.7,475.9,473.1,2110245,998350315.3,32709,790634,37.47
GAIL,EQ,16-Feb-18,475.9,478.3,479.1,466.15,468.35,468.3,471.81,1364734,643897129.4,22575,416568,30.52
GAIL,EQ,19-Feb-18,468.3,470,473.6,461.3,462.8,463.8,467.45,1586114,741435496.9,49770,665443,41.95
GAIL,EQ,20-Feb-18,463.8,463.8,472.2,460.75,465.9,465.15,464.12,1333716,619006069.9,36350,561087,42.07
GAIL,EQ,21-Feb-18,465.15,467,469.8,463.4,465.8,466.1,466.62,2322768,1083856609,48031,1328791,57.21
GAIL,EQ,22-Feb-18,466.1,465.5,470.95,456,463.3,466.15,462.79,4506582,2085586933,69464,2619113,58.12
GAIL,EQ,23-Feb-18,466.15,465.4,465.4,452.55,459.5,458.4,457.07,4127768,1886673747,52203,2049627,49.65
GAIL,EQ,26-Feb-18,458.4,460,465.7,459.55,462.8,463.2,463.75,2110294,978648022.2,95879,1234481,58.5
GAIL,EQ,27-Feb-18,463.2,464.4,474.35,455,457.05,457.05,464.6,4588093,2131618009,112511,1810955,39.47
GAIL,EQ,28-Feb-18,457.05,455.8,461.8,452.75,458.1,457.5,457.27,3198891,1462770635,76918,1668135,52.15
GAIL,EQ,01-Mar-18,457.5,458,458.25,451.55,453.95,454.25,454.97,2148217,977380160.6,61581,1209192,56.29
GAIL,EQ,05-Mar-18,454.25,452,452.95,441.3,443.35,443.6,444.63,2919275,1298008256,84125,1868884,64.02
GAIL,EQ,06-Mar-18,443.6,444.45,448.25,437.9,439,439.95,443.65,2476876,1098869526,80776,1233450,49.8
GAIL,EQ,07-Mar-18,439.95,439.95,442.7,433.25,440.95,440.75,438.91,2256275,990301654.2,85119,1028291,45.57
GAIL,EQ,08-Mar-18,440.75,445,446.7,433.8,437,436.45,437.97,2519874,1103634078,47303,1284601,50.98
GAIL,EQ,09-Mar-18,436.45,438,442.7,435.25,438.15,436.9,438.67,2011796,882524412.8,58326,1106111,54.98
GAIL,EQ,12-Mar-18,436.9,438.7,448,438,447.15,446.45,442.7,1934480,856396109.4,47147,967754,50.03
GAIL,EQ,13-Mar-18,446.45,450,458,440,458,455.95,452.45,2779069,1257382630,39710,1597116,57.47
GAIL,EQ,14-Mar-18,455.95,456,463.65,455,456.65,458,459.22,2442689,1121738061,30642,1176326,48.16
GAIL,EQ,15-Mar-18,458,455.25,458.75,448.4,449.8,450.35,454.06,1924467,873826871.3,37642,1017057,52.85
GAIL,EQ,16-Mar-18,450.35,449.1,449.5,438,441,441,442.52,2916519,1290623446,99232,1805138,61.89
GAIL,EQ,19-Mar-18,441,446.9,448,437.4,442.85,442.05,441.28,3006066,1326504896,39046,1365248,45.42
GAIL,EQ,20-Mar-18,442.05,443.5,445.95,436.5,438,438.5,441.29,1975422,871728542.2,33244,734640,37.19
GAIL,EQ,21-Mar-18,438.5,441,444,433.8,435.05,435.05,437.69,3550371,1553965696,87973,2088385,58.82
GAIL,EQ,22-Mar-18,435.05,438.15,441,435.55,438.1,438.4,439.13,2574726,1130646761,36905,1478581,57.43
GAIL,EQ,23-Mar-18,438.4,435,442.7,429.6,440,439.6,435.5,8750824,3811014794,110865,6637487,75.85
GAIL,EQ,26-Mar-18,439.6,440,440,412.6,424.5,425.15,420.5,12402962,5215425530,160229,7145971,57.62
GAIL,EQ,27-Mar-18,425.15,320,321.9,309.1,320.95,320.95,317.5,6812861,2163062946,84795,2986948,43.84
GAIL,EQ,28-Mar-18,320.95,320.95,331.65,316.6,330,328.55,325.38,9038392,2940924781,64664,4932488,54.57
GAIL,EQ,02-Apr-18,328.55,331,339,320.5,326,324.8,328.47,3555524,1167890562,61970,1325685,37.29
GAIL,EQ,03-Apr-18,324.8,325.7,332,322.4,330,329.75,326.06,2496761,814103345.4,83597,1382208,55.36
GAIL,EQ,04-Apr-18,329.75,329,330,323,328.15,328.25,326.46,2967003,968619373.6,72974,1539652,51.89
GAIL,EQ,05-Apr-18,328.25,331,336,330,331.65,332.4,333.13,2734385,910892858.5,73219,1485293,54.32
GAIL,EQ,06-Apr-18,332.4,331.6,336,330.15,333.6,334.25,332.82,1681190,559526114.8,32775,767217,45.64
GAIL,EQ,09-Apr-18,334.25,334.1,335.55,329.5,330.3,330.8,331.46,2032225,673596524.7,48959,1179688,58.05
GAIL,EQ,10-Apr-18,330.8,334.2,334.45,330.3,332.1,331.95,331.88,1976604,656004096.1,42064,1313072,66.43
GAIL,EQ,11-Apr-18,331.95,332.15,335,322.3,326.85,327,327.32,3422959,1120416864,56016,2065167,60.33
GAIL,EQ,12-Apr-18,327,325.5,327.85,325,326,326.05,326.04,2207374,719695888.9,43499,1649146,74.71
GAIL,EQ,13-Apr-18,326.05,328.4,329.5,324.3,327.5,326.85,326.83,2223617,726745487.5,36394,1488049,66.92
GAIL,EQ,16-Apr-18,326.85,326,326.45,321.25,325.2,324.7,323.44,1564070,505885808.7,26150,899563,57.51
GAIL,EQ,17-Apr-18,324.7,325,326.95,321.05,326,325.65,324.06,2010420,651500044.1,35735,1164673,57.93
GAIL,EQ,18-Apr-18,325.65,327.4,332.55,326,332.2,330.65,330.11,2141002,706757959.2,39902,1131096,52.83
GAIL,EQ,19-Apr-18,330.65,332.2,338,328.45,337.75,335.35,331.91,2661999,883542170.7,42976,1556090,58.46
GAIL,EQ,20-Apr-18,335.35,337.75,342.75,325.05,333,330.55,331.45,3959565,1312410338,41683,2079133,52.51
GAIL,EQ,23-Apr-18,330.55,332.7,335.4,327.6,333,332.55,332.55,2550590,848186609.8,39070,1548423,60.71
GAIL,EQ,24-Apr-18,332.55,334,339.8,330.85,339.5,337.75,334.45,1714896,573551223.7,34774,738941,43.09
GAIL,EQ,25-Apr-18,337.75,338.4,338.45,326,327.3,327.55,330.43,4974954,1643896717,73221,3010357,60.51
GAIL,EQ,26-Apr-18,327.55,327.55,330.5,321,325.95,325.35,325.94,4159737,1355839504,49142,2274457,54.68
GAIL,EQ,27-Apr-18,325.35,327,331.7,324.4,330.05,330.8,328.39,1890670,620885213.2,29524,792143,41.9
GAIL,EQ,30-Apr-18,330.8,330.8,333.5,324.1,325.55,325.1,328.29,2628967,863050915.2,33095,1454617,55.33
GAIL,EQ,02-May-18,325.1,326.1,330.35,321.65,323.05,323.7,326.79,4352411,1422340669,61629,2809304,64.55
GAIL,EQ,03-May-18,323.7,323.55,328.55,320.05,322.95,323.15,323.73,3534438,1144220398,48229,2123118,60.07
GAIL,EQ,04-May-18,323.15,322.95,331.9,320.95,330,329.75,328.02,2700461,885793534.1,27937,1094270,40.52
GAIL,EQ,07-May-18,329.75,330.2,344.5,326.8,344,343.8,337.88,4970239,1679320257,97720,2401766,48.32
GAIL,EQ,08-May-18,343.8,343.4,348.6,338.85,343.45,341.85,342.9,4033673,1383148030,75647,2129088,52.78
GAIL,EQ,09-May-18,341.85,342.95,344.55,338.1,342.7,341.9,341.81,3378106,1154682477,45492,2071006,61.31
GAIL,EQ,10-May-18,341.9,343.45,344.3,335.7,340,340,341.22,3461875,1181270969,49601,2147547,62.03
GAIL,EQ,11-May-18,340,341.2,344.8,337.15,342.55,342.6,341.56,2618297,894304168.6,36956,1535198,58.63
GAIL,EQ,14-May-18,342.6,343,346,341.55,345.2,344.2,343.74,2140806,735871666.5,39710,1380621,64.49
GAIL,EQ,15-May-18,344.2,346,351.45,336.55,340.5,339.45,343.37,5217367,1791500025,69531,2882249,55.24
GAIL,EQ,16-May-18,339.45,339.9,339.9,327.75,331.4,330.65,331.42,5189122,1719771501,81821,3378961,65.12
GAIL,EQ,17-May-18,330.65,332,339.5,327.65,329.6,330.35,333.22,6210843,2069578240,59841,3665289,59.01
GAIL,EQ,18-May-18,330.35,330.1,331,320.2,322.7,321.5,326,6657312,2170266879,64764,4768493,71.63
GAIL,EQ,21-May-18,321.5,323.3,326.9,319,326,325.65,324.67,2465405,800439866.4,33381,1597444,64.79
GAIL,EQ,22-May-18,325.65,326.4,329,324.15,328.5,328,326.47,1681302,548894064.2,27103,941086,55.97
GAIL,EQ,23-May-18,328,327.5,329.35,319.25,323.05,322.95,322.9,2604461,840968346.1,64756,1505166,57.79
GAIL,EQ,24-May-18,322.95,325.15,327.2,298.75,305.35,309.5,314.52,12318463,3874460317,93571,5411563,43.93
GAIL,EQ,25-May-18,309.5,313,324,310.1,320.85,319.15,317.66,9567202,3039073640,115433,3812287,39.85
GAIL,EQ,28-May-18,319.15,322.5,338,322.5,336.3,336.4,331.81,3939726,1307222936,70983,1682040,42.69
GAIL,EQ,29-May-18,336.4,332.2,345.95,332.2,343.6,342.95,343.15,4547368,1560418023,75786,1514955,33.31
GAIL,EQ,30-May-18,342.95,342.7,346,338.5,343.8,343.05,343.07,3598170,1234417248,70409,1777791,49.41
GAIL,EQ,31-May-18,343.05,343.1,353.05,343.1,349.9,350.9,350.03,11187995,3916121111,110925,8410294,75.17
GAIL,EQ,01-Jun-18,350.9,349.2,349.5,339.2,342.6,341.35,342.66,3248685,1113203084,60301,1654627,50.93
GAIL,EQ,04-Jun-18,341.35,342.6,346,332.4,334.45,335.05,335.45,3194664,1071639614,60767,1646466,51.54
GAIL,EQ,05-Jun-18,335.05,335.05,337.1,328.15,336,334.7,331.77,2687919,891780256,53876,1342318,49.94
GAIL,EQ,06-Jun-18,334.7,334.1,337.5,330,333.05,332.95,332.78,2345553,780544391.9,49774,1227494,52.33
GAIL,EQ,07-Jun-18,332.95,333.5,343.45,332.25,333.9,335.25,337.21,3952625,1332855203,54462,2271215,57.46
GAIL,EQ,08-Jun-18,335.25,334,347.1,331.9,341.9,342.4,337.76,3066653,1035797534,38312,1255995,40.96
GAIL,EQ,11-Jun-18,342.4,343.3,345.25,338.55,344.4,343.55,342.52,2337447,800623997.1,37679,959052,41.03
GAIL,EQ,12-Jun-18,343.55,345.8,346,340.5,343.5,343.3,343.39,1954069,671012266.2,29645,1090052,55.78
GAIL,EQ,13-Jun-18,343.3,343.5,345.4,339.3,345.05,344.85,343.02,2329127,798926263.2,36660,1538576,66.06
GAIL,EQ,14-Jun-18,344.85,344.45,346.3,337.1,339.25,339,339.24,3653980,1239570584,67480,2589655,70.87
GAIL,EQ,15-Jun-18,339,339,341.5,333.25,335.05,334.9,336.7,3496927,1177409154,56865,2318117,66.29
GAIL,EQ,18-Jun-18,334.9,334.8,339,333,338.35,338.1,336.83,3566948,1201454930,48033,1182122,33.14
GAIL,EQ,19-Jun-18,338.1,336.85,345.5,335.9,341.95,342.75,342.71,7287675,2497552024,104656,4015025,55.09
GAIL,EQ,20-Jun-18,342.75,344,345.55,335.75,340.9,343,340.83,3914019,1334033991,60188,1822959,46.58
GAIL,EQ,21-Jun-18,343,345.4,345.4,336.3,339.05,339.3,339.15,4186616,1419875423,66253,2507507,59.89
GAIL,EQ,22-Jun-18,339.3,341.15,343.5,339,340.25,340,340.61,4435354,1510713600,84762,2954416,66.61
GAIL,EQ,25-Jun-18,340,341.7,344.9,338.25,340,341.2,342.18,4223998,1445352646,70562,2634822,62.38
GAIL,EQ,26-Jun-18,341.2,341.2,345.45,339.45,341.05,341.75,343.04,4689369,1608654156,47993,2963134,63.19
GAIL,EQ,27-Jun-18,341.75,341.4,341.75,323,326,328.8,332.5,4443704,1477540400,46252,2612047,58.78
GAIL,EQ,28-Jun-18,328.8,326.4,326.4,315.55,320.25,319.55,319.81,6516636,2084066771,67935,3646535,55.96
GAIL,EQ,29-Jun-18,319.55,320.65,348.8,320.65,340.25,340.25,335.09,7593016,2544335743,101530,2425172,31.94
GAIL,EQ,02-Jul-18,340.25,340.35,343.25,332.65,340.55,341.1,339.7,5990095,2034854160,59416,2700011,45.07
GAIL,EQ,03-Jul-18,341.1,338,347.45,336,344.4,345.3,343.66,3736925,1284232316,50496,1546308,41.38
GAIL,EQ,04-Jul-18,345.3,343,349.9,341.3,347.5,348.35,346.22,4317908,1494961511,56976,2064019,47.8
GAIL,EQ,05-Jul-18,348.35,347.95,349.9,343,347,346.05,345.55,3499387,1209220042,65388,1921204,54.9
GAIL,EQ,06-Jul-18,346.05,349.5,354.4,342.3,342.65,344.2,344.85,3512749,1211371019,61134,1605460,45.7
GAIL,EQ,09-Jul-18,344.2,344.1,348.25,342.4,347.4,347.4,345.96,2594554,897601060.1,47429,1320429,50.89
GAIL,EQ,10-Jul-18,347.4,348,366,343.95,365,363.95,356.28,7236776,2578339491,97009,2447498,33.82
GAIL,EQ,11-Jul-18,363.95,364,365,355.6,357,357.3,358.44,5726206,2052504697,74152,2336931,40.81
GAIL,EQ,12-Jul-18,357.3,359,361.75,353.5,358,356.6,357.41,3123913,1116513258,37881,1397526,44.74
GAIL,EQ,13-Jul-18,356.6,358.4,359.95,354,356.85,356.85,356.74,2687207,958643180.3,41388,1269570,47.24
GAIL,EQ,16-Jul-18,356.85,356.8,359.5,350.3,357,355.8,354.88,2685929,953189507,28639,1255935,46.76
GAIL,EQ,17-Jul-18,355.8,358,366.35,357,357.8,358.7,361.41,3473207,1255259252,47394,902089,25.97
GAIL,EQ,18-Jul-18,358.7,360.55,365.55,355.3,358.7,359.05,361.61,3569828,1290899096,69899,1564904,43.84
GAIL,EQ,19-Jul-18,359.05,360.4,364.05,355.75,357.7,357.8,359.47,1688104,606820832,36163,511846,30.32
GAIL,EQ,20-Jul-18,357.8,358.8,362.8,357.65,359.05,359.8,360.12,1950635,702458257.8,30896,1027730,52.69
GAIL,EQ,23-Jul-18,359.8,361.4,364.95,356.35,356.7,358.8,360.8,3004403,1083994374,58264,1564185,52.06
GAIL,EQ,24-Jul-18,358.8,358.9,369.3,355.4,366.6,365.8,362.54,4490502,1627991621,75765,1994033,44.41
GAIL,EQ,25-Jul-18,365.8,369,370.55,362.2,364.65,364.65,365.53,2923357,1068566710,58233,1377165,47.11
GAIL,EQ,26-Jul-18,364.65,364.65,372.25,362.9,369.75,370,369.22,8371171,3090794425,90493,5633097,67.29
GAIL,EQ,27-Jul-18,370,371.15,379.8,368.85,378.65,378.5,373.38,3656201,1365159390,63042,1845426,50.47
GAIL,EQ,30-Jul-18,378.5,380,386.5,376.1,378.75,377.75,380.85,4508189,1716924803,81755,2396993,53.17
GAIL,EQ,31-Jul-18,377.75,378.5,380.55,373.05,375.5,375.15,376.3,3009113,1132329225,68495,1969879,65.46
GAIL,EQ,01-Aug-18,375.15,377,382.5,371.15,375.9,375.35,376.79,2558772,964108231.4,59673,1322739,51.69
GAIL,EQ,02-Aug-18,375.35,375.65,380.85,368.35,379,377.65,374.17,2662318,996172788.8,60207,1223738,45.97
GAIL,EQ,03-Aug-18,377.65,379.1,389.8,378,387.95,388.2,385.34,4937125,1902469706,58256,1708680,34.61
GAIL,EQ,06-Aug-18,388.2,390,392,375.3,376.5,376.35,383.05,2874937,1101240263,31244,1178433,40.99
GAIL,EQ,07-Aug-18,376.35,379.35,383.4,373,374.95,374.7,377.9,2899126,1095567001,57358,801101,27.63
GAIL,EQ,08-Aug-18,374.7,377.9,382,374.8,377,377,377.75,4394557,1660044476,57920,2278076,51.84
GAIL,EQ,09-Aug-18,377,377.5,380.4,374.25,375.25,375.55,376.24,1330634,500633365.7,30294,642144,48.26
GAIL,EQ,10-Aug-18,375.55,375.5,385.8,353.7,364.3,362.95,368.2,8626809,3176368989,108533,2858219,33.13
GAIL,EQ,13-Aug-18,362.95,363.95,379.5,363,375,375.45,375.03,10514919,3943460864,196705,4930567,46.89
GAIL,EQ,14-Aug-18,375.45,374.65,384.25,372.65,379.1,379.8,380.14,4765993,1811736651,104965,2016162,42.3
GAIL,EQ,16-Aug-18,379.8,379.7,399.4,379.1,393.5,393.8,394.74,15145786,5978575669,169942,6618701,43.7
GAIL,EQ,17-Aug-18,393.8,394,396.6,384.2,388.4,387.7,388.14,4503067,1747806769,76088,966573,21.46
GAIL,EQ,20-Aug-18,387.7,390.1,392,375,378.55,379.05,379.98,5035831,1913490365,61445,1985080,39.42
GAIL,EQ,21-Aug-18,379.05,380.5,386.45,375.6,378.15,378.1,381.84,4119939,1573140975,61465,1452522,35.26
GAIL,EQ,23-Aug-18,378.1,380.8,385.9,378.75,385.1,384.2,381.89,3188517,1217677537,66739,1577002,49.46
GAIL,EQ,24-Aug-18,384.2,385,389,376,380.3,380.65,381.64,4306308,1643445218,67163,1539897,35.76
GAIL,EQ,27-Aug-18,380.65,384.15,386.45,379.85,384.5,383.35,383.49,1598698,613076960.4,28340,464293,29.04
GAIL,EQ,28-Aug-18,383.35,384.8,394.85,362.8,364.85,364.25,375.73,10515122,3950828727,124937,3145979,29.92
GAIL,EQ,29-Aug-18,364.25,369.4,374.1,365.1,367.8,367.45,368.52,5288267,1948813028,55618,1840345,34.8
GAIL,EQ,30-Aug-18,367.45,369.3,379.5,364.3,375,376.2,375.17,10677085,4005679342,84161,6235814,58.4
GAIL,EQ,31-Aug-18,376.2,377.9,383.7,370.15,371.25,372.2,376.01,5678159,2135029134,87840,2743988,48.33
GAIL,EQ,03-Sep-18,372.2,375.8,375.8,367.35,367.65,368.3,370.26,2263662,838146042.4,34218,529416,23.39
GAIL,EQ,04-Sep-18,368.3,368.3,370.9,357.15,360,359.45,364.43,2701096,984356872.2,40071,771116,28.55
GAIL,EQ,05-Sep-18,359.45,360,369,354.15,361.35,362,361.26,4165225,1504721211,56849,1190502,28.58
GAIL,EQ,06-Sep-18,362,364.7,373,361.05,365.4,365.6,366.45,5917508,2168465172,97911,2501396,42.27
GAIL,EQ,07-Sep-18,365.6,368.95,379.6,366.65,376.75,377.2,372.77,5186072,1933234368,94299,2280221,43.97
GAIL,EQ,10-Sep-18,377.2,377,379.65,369.6,377.25,377.7,374.98,3964119,1486464570,82964,1943388,49.02
GAIL,EQ,11-Sep-18,377.7,381.95,381.95,368.8,374,372.15,373.32,5017965,1873316885,79401,1398124,27.86
GAIL,EQ,12-Sep-18,372.15,374,376.7,367.8,370.25,370.1,372.11,3753380,1396688042,92067,1793259,47.78
GAIL,EQ,14-Sep-18,370.1,371,375.7,368.1,369.55,369.95,370.36,4991574,1848656945,160362,3069514,61.49
GAIL,EQ,17-Sep-18,369.95,369.8,374.4,366.1,371.3,372.55,370.75,3621053,1342493700,103917,1742450,48.12
GAIL,EQ,18-Sep-18,372.55,372.7,378.3,372.6,374.75,374.8,375.8,4274325,1606307838,80063,2274608,53.22
GAIL,EQ,19-Sep-18,374.8,376.25,385.9,373.7,385,384.55,382.76,7525127,2880329582,109836,3597466,47.81
GAIL,EQ,21-Sep-18,384.55,388.35,394.55,380.4,390,390.15,389.62,7864409,3064146128,106618,4172899,53.06
GAIL,EQ,24-Sep-18,390.15,390,393.05,378.75,380.95,380.9,386.15,5192499,2005091870,82216,2787299,53.68
GAIL,EQ,25-Sep-18,380.9,380.5,380.5,363.55,370.95,369.9,369.45,3355490,1239693812,51315,1171138,34.9
GAIL,EQ,26-Sep-18,369.9,372,382,370.5,375,375.1,376.94,3446786,1299240147,56777,1148537,33.32
GAIL,EQ,27-Sep-18,375.1,378.55,389.4,375.1,377,377.7,380.54,9256917,3522641259,99933,4178930,45.14
GAIL,EQ,28-Sep-18,377.7,385.6,393,373.3,380,379,385.26,13186663,5080248659,151919,6250359,47.4
GAIL,EQ,01-Oct-18,379,381.8,386.75,377.6,380.75,381,382.56,4688781,1793743561,69898,1948590,41.56
GAIL,EQ,03-Oct-18,381,380.95,385.7,379.05,381.5,381.75,382.14,3903687,1491773512,64320,2150090,55.08
GAIL,EQ,04-Oct-18,381.75,379.8,379.8,355,356.85,367.95,372.01,5560627,2068610539,109150,3253026,58.5
GAIL,EQ,05-Oct-18,367.95,349,349,295.25,330.05,332.05,330.01,21045602,6945171767,194371,9212148,43.77
GAIL,EQ,08-Oct-18,332.05,330.05,346.3,330.05,341.55,343.9,340.63,5993328,2041510480,114043,2403507,40.1
GAIL,EQ,09-Oct-18,343.9,343,346.4,331.4,334,333.5,337.82,5250619,1773758194,88929,2757303,52.51
GAIL,EQ,10-Oct-18,333.5,335.45,340.9,330.5,336.15,336.35,335.26,3969159,1330711950,79939,2162684,54.49
GAIL,EQ,11-Oct-18,336.35,328,352.7,327,350,350.25,342.47,5845043,2001748107,145591,2155861,36.88
GAIL,EQ,12-Oct-18,350.25,351.9,361,351.2,357.3,359.3,356.47,5062781,1804753720,86080,2767587,54.67
GAIL,EQ,15-Oct-18,359.3,358.9,360.25,341.5,351,351.05,348.77,3690741,1287222012,107035,1697477,45.99
GAIL,EQ,16-Oct-18,351.05,351.05,357.3,346.25,351.9,352.3,352.44,3423229,1206491693,87726,1939612,56.66
GAIL,EQ,17-Oct-18,352.3,356.9,364.25,343.6,345,345.35,356.97,4643833,1657731732,55332,1402368,30.2
GAIL,EQ,19-Oct-18,345.35,344,358.75,342.1,343.8,344.3,350.72,4684649,1643007372,80706,1583253,33.8
GAIL,EQ,22-Oct-18,344.3,347.65,353.25,340.9,342.25,342.3,346.78,3537296,1226675888,70851,1675300,47.36
GAIL,EQ,23-Oct-18,342.3,340.9,344.7,334.5,341.3,340,339.11,3566189,1209317055,66836,1935425,54.27
GAIL,EQ,24-Oct-18,340,344.1,347.5,333.85,342.9,342,339.61,8532953,2897905808,93060,4925484,57.72
GAIL,EQ,25-Oct-18,342,340.95,345,336,342,339.75,339.85,23067001,7839240414,110836,17132144,74.27
GAIL,EQ,26-Oct-18,339.75,340,345.3,339.4,341.1,341.35,342.16,4476485,1531690034,69218,2092449,46.74
GAIL,EQ,29-Oct-18,341.35,343.7,353.8,339.7,352.7,352.1,346.94,6454647,2239381643,148257,4032421,62.47
GAIL,EQ,30-Oct-18,352.1,354,369,353.25,360.25,360.25,362.38,7176942,2600753518,97920,3557724,49.57
GAIL,EQ,31-Oct-18,360.25,362.85,376.4,358.25,375.05,374.25,366.45,7219639,2645616977,152512,4582208,63.47
GAIL,EQ,01-Nov-18,374.25,375.35,375.6,364.1,366.95,367.85,368.16,2852011,1050007128,70881,1538275,53.94
GAIL,EQ,02-Nov-18,367.85,369.2,373.4,363.95,372.3,369.75,368.92,6035578,2226638150,78840,4320120,71.58
GAIL,EQ,05-Nov-18,369.75,371.9,377.35,364.2,372,372,372.34,6864390,2555911380,124785,1866647,27.19
GAIL,EQ,06-Nov-18,372,376.5,382,370.75,374.9,375.15,376.46,7403410,2787104295,120442,4333401,58.53
GAIL,EQ,07-Nov-18,375.15,378,378.85,373.85,375.3,375.15,375.79,199976,75149249.25,2914,47948,23.98
GAIL,EQ,09-Nov-18,375.15,378,379.2,365.5,367.95,367.35,370.25,4226474,1564872823,59256,2207977,52.24
GAIL,EQ,12-Nov-18,367.35,369,372.5,364,364.5,364.75,367.98,3909494,1438634542,76605,2580750,66.01
GAIL,EQ,13-Nov-18,364.75,364,369.7,362,364.9,365.35,366.14,4018012,1471160216,73575,1718646,42.77
GAIL,EQ,14-Nov-18,365.35,366.2,367.3,349.55,352.5,352.55,353.76,5758948,2037270677,166329,2496414,43.35
GAIL,EQ,15-Nov-18,352.55,350.7,354.4,344,347.5,347.55,348.59,5645791,1968069271,151847,3086952,54.68
GAIL,EQ,16-Nov-18,347.55,349,351.7,341.25,342.7,342.2,344.98,3362427,1159974316,94173,1896662,56.41
GAIL,EQ,19-Nov-18,342.2,342.5,343.6,330.2,334.7,334.7,334.52,5306515,1775149780,87659,2741523,51.66
GAIL,EQ,20-Nov-18,334.7,338.05,346,337.7,344.05,344.05,342.98,6211451,2130383682,92108,1747744,28.14
GAIL,EQ,21-Nov-18,344.05,343,347.25,340.2,345,345.05,344.44,3489643,1201976719,54157,1653004,47.37
GAIL,EQ,22-Nov-18,345.05,345,350,342.6,343.85,344.75,345.74,4228879,1462104457,71515,2066006,48.85
GAIL,EQ,26-Nov-18,344.75,347.4,347.8,338.1,340,339.8,341,4275682,1458027506,80383,2789218,65.23
GAIL,EQ,27-Nov-18,339.8,340,350.05,339.8,349,347.35,343.98,7445471,2561120649,89785,4951085,66.5
GAIL,EQ,28-Nov-18,347.35,349,353.45,336,336.75,339.05,347.12,5905887,2050061029,76146,3545480,60.03
GAIL,EQ,29-Nov-18,339.05,340.45,344.2,337.05,340.3,339.2,339.79,8025122,2726818031,97280,4322169,53.86
GAIL,EQ,30-Nov-18,339.2,342.2,348.25,337.75,342.55,343.05,342.32,5832509,1996612674,97826,3729948,63.95
GAIL,EQ,03-Dec-18,343.05,341,357.4,339.5,355.05,355.65,350.68,6173643,2164976110,94101,3079782,49.89
GAIL,EQ,04-Dec-18,355.65,350.65,359.8,350.65,355.25,354.35,355.58,4735506,1683845876,117609,2377951,50.22
GAIL,EQ,05-Dec-18,354.35,354.7,356.4,347.25,348.85,349.35,350.7,2535122,889076422.9,48298,1337948,52.78
GAIL,EQ,06-Dec-18,349.35,346,350.25,340.5,350,349,346.99,4874145,1691271406,84054,2866370,58.81
GAIL,EQ,07-Dec-18,349,346,347,330.8,335.25,334.7,335.2,7224133,2421516683,73868,3061470,42.38
GAIL,EQ,10-Dec-18,334.7,332.8,337.85,328,332.5,332.05,332.81,4866821,1619745379,82738,2587038,53.16
GAIL,EQ,11-Dec-18,332.05,330.2,335.45,329.7,332.85,332.55,332.34,6985033,2321408549,91565,4417970,63.25
GAIL,EQ,12-Dec-18,332.55,335,345.5,331.1,343.75,344.45,340.14,3841601,1306665100,41704,2067053,53.81
GAIL,EQ,13-Dec-18,344.45,345.45,348.3,340.2,346.5,346.45,344.38,3355227,1155479228,76511,1885639,56.2
GAIL,EQ,14-Dec-18,346.45,346.95,353.2,341.5,351.3,351.25,347.26,2004546,696098753.5,43642,870694,43.44
GAIL,EQ,17-Dec-18,351.25,351.3,355.4,350.6,353.4,353.15,352.89,2135558,753612159,67102,993171,46.51
GAIL,EQ,18-Dec-18,353.15,353,357.2,349.7,354,354.5,354.25,3459455,1225508941,60529,1789050,51.71
GAIL,EQ,19-Dec-18,354.5,356,359.4,352.8,358.45,358.5,356.34,2697995,961406999.2,117153,1755982,65.08
GAIL,EQ,20-Dec-18,358.5,354.3,358,351.6,354.05,353.15,353.69,2399452,848658964.5,52547,1084542,45.2
GAIL,EQ,21-Dec-18,353.15,353,354.2,344.1,345.5,345.05,346.96,4050832,1405486921,48524,2557657,63.14
GAIL,EQ,24-Dec-18,345.05,345.1,350.05,339.85,346.9,347.7,345.74,3472576,1200601320,44323,1914800,55.14
GAIL,EQ,26-Dec-18,347.7,346.4,354.4,342,353.85,353.4,348.07,1912786,665784626,29437,711629,37.2
GAIL,EQ,27-Dec-18,353.4,355,363.5,352.3,355.7,356.45,357.13,18218808,6506541481,76838,13618523,74.75
GAIL,EQ,28-Dec-18,356.45,356.45,361.35,355.05,355.5,356.3,357.61,2961919,1059217018,55106,1525463,51.5
GAIL,EQ,31-Dec-18,356.3,357.6,361.8,354,359.1,360.3,358.39,2659906,953278516.8,51748,1309977,49.25
GAIL,EQ,01-Jan-19,360.3,359,364,356.95,361.9,362.15,361.71,2134503,772078516.1,18978,557883,26.14
GAIL,EQ,02-Jan-19,362.15,360.55,361.9,347.55,350.3,350.3,352.97,3528488,1245457622,56740,1666816,47.24
GAIL,EQ,03-Jan-19,350.3,350.3,352.45,346.95,350,349.95,350.51,2397912,840485757.8,53505,1339615,55.87
GAIL,EQ,04-Jan-19,349.95,350.25,353.9,347.55,353.55,353.15,351.1,1837879,645280814.3,42335,823315,44.8
GAIL,EQ,07-Jan-19,353.15,353.5,358.05,351.1,355.75,357.1,355.37,1704243,605636290.2,27721,856280,50.24
GAIL,EQ,08-Jan-19,357.1,355.6,359.15,352.8,353.35,354.6,355.15,2397084,851328337.3,39077,1651750,68.91
GAIL,EQ,09-Jan-19,354.6,356,356.25,338.05,341,341.35,343.21,6152832,2111695269,109684,2953260,48
GAIL,EQ,10-Jan-19,341.35,343,345.1,339.25,343.8,343.9,341.82,2754189,941428406.2,45578,1327329,48.19
GAIL,EQ,11-Jan-19,343.9,343.6,344.8,337.2,337.7,338.6,339.71,2535455,861311651.2,60632,1148941,45.31
GAIL,EQ,14-Jan-19,338.6,338,338.3,322.15,325.2,324.9,326.46,7970272,2601948815,97415,4209304,52.81
GAIL,EQ,15-Jan-19,324.9,323,326.95,322.05,325.4,324.55,324.35,4525559,1467886534,55809,2064714,45.62
GAIL,EQ,16-Jan-19,324.55,326,331.45,323.55,326,325.5,327.65,5083489,1665615099,69380,2372563,46.67
GAIL,EQ,17-Jan-19,325.5,328.9,333.4,326.3,332.75,332.4,330.46,4290595,1417879989,82690,2196952,51.2
GAIL,EQ,18-Jan-19,332.4,332.4,332.85,320.5,321.5,322.15,324.08,4459122,1445129756,90102,2115459,47.44
GAIL,EQ,21-Jan-19,322.15,323,328.9,320.45,327.6,327.8,326.01,3304639,1077335679,53427,1461353,44.22
GAIL,EQ,22-Jan-19,327.8,328,336,325.05,332.75,332.9,333.07,4770776,1589014370,82272,2443942,51.23
GAIL,EQ,23-Jan-19,332.9,334.95,336.5,330.55,332,334.2,334.41,3063229,1024385842,52980,1715593,56.01
GAIL,EQ,24-Jan-19,334.2,333.9,334.8,330.55,332.9,333.6,332.77,3384646,1126310393,40513,2178543,64.37
GAIL,EQ,25-Jan-19,333.6,334,337.5,330.7,335.2,334.9,334.15,3615927,1208262735,66583,2104302,58.2
GAIL,EQ,28-Jan-19,334.9,334.55,335.25,327.9,333,333.2,332.15,3799381,1261958112,79621,2450233,64.49
GAIL,EQ,29-Jan-19,333.2,331,331.1,319.65,324,323.6,325.52,6076778,1978106303,75166,3863073,63.57
GAIL,EQ,30-Jan-19,323.6,325,327.6,319.9,322,321.6,323.11,6159363,1990128291,91543,3868653,62.81
GAIL,EQ,31-Jan-19,321.6,323,333.9,322.5,333,332.15,331.21,11052707,3660808797,94136,6919681,62.61
GAIL,EQ,01-Feb-19,332.15,333.3,335.35,326.1,332,333.5,330.99,3367974,1114753742,57278,1797981,53.38
GAIL,EQ,04-Feb-19,333.5,331.15,331.8,327,330.2,329.75,329.31,1682947,554218382.5,35268,755184,44.87
GAIL,EQ,05-Feb-19,329.75,330.25,339,325.55,333.25,332.1,332.04,5703845,1893920689,62821,1180277,20.69
GAIL,EQ,06-Feb-19,332.1,336.5,340.85,330.3,340.3,339.8,336.88,4122658,1388834531,59947,1766682,42.85
GAIL,EQ,07-Feb-19,339.8,340.2,342.7,335.65,338.9,339.95,338.73,2113465,715889279.3,35022,797737,37.75
GAIL,EQ,08-Feb-19,339.95,337.55,339.5,334.4,335.35,336.35,337.41,2274544,767462278,38022,1261829,55.48
GAIL,EQ,11-Feb-19,336.35,334.3,335.4,324.35,328.95,328.4,327.66,3272495,1072267064,29759,1782888,54.48
GAIL,EQ,12-Feb-19,328.4,322,326.55,321.45,326.25,325.7,324.33,2836974,920108040.2,34415,1384340,48.8
GAIL,EQ,13-Feb-19,325.7,325.05,329.5,313.1,316.5,315.5,322.43,4150836,1338354037,46128,2296740,55.33
GAIL,EQ,14-Feb-19,315.5,316.5,316.8,306.8,308.1,307.95,311.02,7893518,2455058854,103781,3899648,49.4
GAIL,EQ,15-Feb-19,307.95,309.75,319.15,309.1,317,317.75,314.24,4963248,1559632623,58311,1682202,33.89
GAIL,EQ,18-Feb-19,317.75,318.55,321,310.75,317,317.45,315.48,3410237,1075851817,57928,1428671,41.89
GAIL,EQ,19-Feb-19,317.45,317,325.75,316.45,320.15,320.25,321,3180737,1021027157,36390,1109176,34.87
GAIL,EQ,20-Feb-19,320.25,324,332.6,319.45,332,329.7,326.68,4540823,1483390785,59531,2220553,48.9
GAIL,EQ,21-Feb-19,329.7,332,336.6,324.05,331.55,331.7,330.95,7308931,2418907224,90247,3430184,46.93
GAIL,EQ,22-Feb-19,331.7,335,335,325.65,326.5,327.15,329.26,4200942,1383203058,85058,2061666,49.08
GAIL,EQ,25-Feb-19,327.15,326.1,329.5,322.2,327.05,327.8,327.21,8724063,2854589946,110344,5949631,68.2
GAIL,EQ,26-Feb-19,327.8,324,335.4,321.65,332.65,333.45,330.21,6031684,1991709867,86716,3538270,58.66
GAIL,EQ,27-Feb-19,333.45,336.3,337.7,331.5,334,335.7,334.39,5429182,1815446794,94318,2846655,52.43
GAIL,EQ,28-Feb-19,335.7,339,343.95,334.25,343,342,341.09,13009264,4437315323,122110,7850995,60.35
GAIL,EQ,01-Mar-19,342,343.5,349.3,342.5,343.25,343.85,346.2,6020443,2084264966,101876,3495113,58.05
GAIL,EQ,05-Mar-19,343.85,343,347.4,341.25,346.6,346.5,344.72,3921657,1351856830,98221,2052974,52.35
GAIL,EQ,06-Mar-19,346.5,348,348.9,342.6,344.55,345.35,345.63,2534626,876054155,70504,1100950,43.44
GAIL,EQ,07-Mar-19,345.35,344.55,350.35,343.05,345,344.15,346.07,2724235,942770986.3,60418,1063766,39.05
GAIL,EQ,08-Mar-19,344.15,345,351,341.7,350.3,349.65,346.98,2717482,942913072.1,59421,1022177,37.61
GAIL,EQ,11-Mar-19,349.65,350.3,357.9,350,352,351.75,353.78,3873852,1370499811,94816,2085951,53.85
GAIL,EQ,12-Mar-19,351.75,354.4,357.5,349.1,351.45,353.9,353.9,4205695,1488413599,56588,2204439,52.42
GAIL,EQ,13-Mar-19,353.9,354.6,358.2,348.5,352.55,351.6,352.86,3749726,1323124539,62459,1913274,51.02
GAIL,EQ,14-Mar-19,351.6,352.55,357,346.95,356.55,353.6,349.4,2859986,999286867.3,65319,1594460,55.75
GAIL,EQ,15-Mar-19,353.6,355.65,362,350,361,359.35,358.43,7463044,2674981542,56599,4989910,66.86
GAIL,EQ,18-Mar-19,359.35,362,362.9,357.6,359.9,359.85,360.39,3485045,1255982844,47873,1565143,44.91
GAIL,EQ,19-Mar-19,359.85,362.6,366.5,360.25,361.9,362.05,362.62,4686738,1699503417,60087,2308168,49.25
GAIL,EQ,20-Mar-19,362.05,362,362.7,353.35,355.1,354.7,356.92,2853402,1018445402,57000,1706175,59.79
GAIL,EQ,22-Mar-19,354.7,356.8,359.35,347.3,348.8,348.95,351.66,2588946,910418868.4,48521,1377630,53.21
GAIL,EQ,25-Mar-19,348.95,348.7,353,343,351.4,351.65,348.63,2810575,979839451.4,30050,1527451,54.35
GAIL,EQ,26-Mar-19,351.65,352.8,362,351.65,359.4,359.35,358.45,4617787,1655262769,45087,2366949,51.26
GAIL,EQ,27-Mar-19,359.35,359,362,354.45,355,355.85,358.36,2653874,951053028.2,67878,1343521,50.62
GAIL,EQ,28-Mar-19,355.85,354.55,363,354.3,358,358.3,359.15,4661285,1674111429,86599,2781251,59.67
GAIL,EQ,29-Mar-19,358.3,359.05,360.7,344,350,347.65,350.06,6527844,2285142010,90051,3386054,51.87
GAIL,EQ,01-Apr-19,347.65,352,360.6,351.75,354.5,354.7,356.48,5703986,2033360795,89604,2616683,45.87
GAIL,EQ,02-Apr-19,354.7,356.8,364.85,354,362.5,362.6,360.27,5093612,1835085187,97184,2403708,47.19
GAIL,EQ,03-Apr-19,362.6,362.65,364.4,350.65,353.4,352.45,357.49,3516055,1256947444,93749,1572384,44.72
GAIL,EQ,04-Apr-19,352.45,354.7,355,343.6,345.85,346.3,347.8,3496000,1215919656,67056,1585116,45.34
GAIL,EQ,05-Apr-19,346.3,348.75,351.55,346.65,349,348.8,348.93,2035250,710165441.1,45519,918273,45.12
GAIL,EQ,08-Apr-19,348.8,350,350.65,340.1,342.05,341.9,343.83,3505949,1205466206,75507,2008708,57.29
GAIL,EQ,09-Apr-19,341.9,343,345,336.1,343,343.5,340.17,3304237,1124013531,63202,1008891,30.53
GAIL,EQ,10-Apr-19,343.5,343,344.35,337.05,337.5,337.7,339.39,2548368,864900087.6,63490,1164719,45.7
GAIL,EQ,11-Apr-19,337.7,338.4,343.55,337.8,342.7,342.7,341.26,2242542,765292514.3,68870,984255,43.89
GAIL,EQ,12-Apr-19,342.7,343.6,359.45,341.8,355.3,356.75,352.44,10551289,3718670306,113131,4168234,39.5
GAIL,EQ,15-Apr-19,356.75,356.5,358.3,351.85,353.6,354.05,354.91,3307071,1173724260,54818,1172214,35.45
GAIL,EQ,16-Apr-19,354.05,356,358.2,350.3,351.6,351.6,354.39,2529347,896376659.6,55132,1136094,44.92
GAIL,EQ,18-Apr-19,351.6,354.4,354.4,348.5,352,351.95,351.76,2694358,947775701.4,44950,1328832,49.32
GAIL,EQ,22-Apr-19,351.95,351.3,352.4,344.05,344.45,344.85,346.51,1444877,500667696,23585,416597,28.83
GAIL,EQ,23-Apr-19,344.85,337.5,340.9,331.7,340,339.45,336.4,9101602,3061767862,96087,3992130,43.86
GAIL,EQ,24-Apr-19,339.45,341.1,348,339.7,346.5,346.05,344.17,3445166,1185712545,69348,1430265,41.52
GAIL,EQ,25-Apr-19,346.05,346,349,341.1,342.8,343.1,343.64,5132603,1763748131,86928,3570786,69.57
GAIL,EQ,26-Apr-19,343.1,342.9,355.3,340.5,352.95,353.4,351.66,4241310,1491517820,74943,2033532,47.95
GAIL,EQ,30-Apr-19,353.4,351.25,356.85,348.55,354.9,355.95,353.18,4601141,1625041316,69377,2272945,49.4
GAIL,EQ,02-May-19,355.95,353.1,354.85,346.25,346.5,347.55,349.96,2823109,987973030.4,59824,1087783,38.53
GAIL,EQ,03-May-19,347.55,346.8,350.9,342.4,345.8,345.45,345.58,3652087,1262091299,75726,1563541,42.81
GAIL,EQ,06-May-19,345.45,341.95,351.15,341.15,344.1,346.25,345.32,4334526,1496804456,58861,2495934,57.58
GAIL,EQ,07-May-19,346.25,348,356.95,339.65,341.4,340.75,342.24,3456457,1182924450,53960,1950942,56.44
GAIL,EQ,08-May-19,340.75,341,345.15,336.4,337.5,337.5,340.43,3681837,1253405522,51177,2069654,56.21
GAIL,EQ,09-May-19,337.5,337.1,341.45,333.05,340.6,340.4,337.63,2761414,932343347.1,47265,1521196,55.09
GAIL,EQ,10-May-19,340.4,341,343.8,338.2,340.75,341.55,341.45,1859456,634920286.1,46971,806093,43.35
GAIL,EQ,13-May-19,341.55,341.55,342.8,330.3,332.6,332.05,335.73,1673740,561924628.2,28083,516873,30.88
